TDSFU Daily run: Mon Oct 27 14:27:58 UTC 2025 TDSFU
TDSFU Daily run: Tue Oct 28 04:34:04 UTC 2025 TDSFU
TDSFU Daily run: Wed Oct 29 04:38:15 UTC 2025 TDSFU
TDSFU Daily run: Thu Oct 30 04:33:37 UTC 2025 TDSFU
TDSFU Daily run: Fri Oct 31 04:35:40 UTC 2025 TDSFU
TDSFU Daily run: Sat Nov  1 04:31:53 UTC 2025 TDSFU
TDSFU Daily run: Sun Nov  2 04:33:36 UTC 2025 TDSFU
TDSFU Daily run: Mon Nov  3 04:39:19 UTC 2025 TDSFU
TDSFU Daily run: Tue Nov  4 04:34:09 UTC 2025 TDSFU
TDSFU Daily run: Wed Nov  5 04:34:30 UTC 2025 TDSFU
TDSFU Daily run: Thu Nov  6 04:38:25 UTC 2025 TDSFU
